OBJECTID,IDBG,IDSOURCE,FAULTTYPE,TECTOTYPE,TECTOCODE,TECREG,PREFERRED,MINDEPTH,MAXDEPTH,STRIKEMIN,STRIKEMAX,DIPMIN,DIPMAX,RAKEMIN,RAKEMAX,MWORIGINAL,MINMW,MAXMW,RANGE,MEANMW,STDEVMW,WMEANMW,WSTDEVMW,NMAGVAL,MWDIFF,TOTALL,STRAIGHTL,TOTALW,TOTALA,STRAIGHTA,ASPECTRATI,EFFECTIVEA,EFFECTIVEL,SRMIN,SRMAX,ORIG_FID,POINT_X,POINT_Y
4318,TNBG084,ITCS006,RR,AMR,1,Active,t,3,10,260,320,20,40,75,125,5.5,6.7,7.03,0.33,6.94,0.18,6.9,0.1,6,-1.4,145.1,138.5,15.7,2274.6,2171.1,9.25,3,47.1,0.1,0.5,293,12.797176,37.586272
4319,TNBG084,ITCS006,RR,AMR,1,Active,t,3,10,260,320,20,40,75,125,5.5,6.7,7.03,0.33,6.94,0.18,6.9,0.1,6,-1.4,145.1,138.5,15.7,2274.6,2171.1,9.25,3,47.1,0.1,0.5,293,12.899737,37.585428
4320,TNBG084,ITCS006,RR,AMR,1,Active,t,3,10,260,320,20,40,75,125,5.5,6.7,7.03,0.33,6.94,0.18,6.9,0.1,6,-1.4,145.1,138.5,15.7,2274.6,2171.1,9.25,3,47.1,0.1,0.5,293,12.997223,37.548874
4321,TNBG084,ITCS006,RR,AMR,1,Active,t,3,10,260,320,20,40,75,125,5.5,6.7,7.03,0.33,6.94,0.18,6.9,0.1,6,-1.4,145.1,138.5,15.7,2274.6,2171.1,9.25,3,47.1,0.1,0.5,293,13.086158,37.501861
4322,TNBG084,ITCS006,RR,AMR,1,Active,t,3,10,260,320,20,40,75,125,5.5,6.7,7.03,0.33,6.94,0.18,6.9,0.1,6,-1.4,145.1,138.5,15.7,2274.6,2171.1,9.25,3,47.1,0.1,0.5,293,13.188542,37.433578
4323,TNBG084,ITCS006,RR,AMR,1,Active,t,3,10,260,320,20,40,75,125,5.5,6.7,7.03,0.33,6.94,0.18,6.9,0.1,6,-1.4,145.1,138.5,15.7,2274.6,2171.1,9.25,3,47.1,0.1,0.5,293,13.305031,37.352139
4324,TNBG084,ITCS006,RR,AMR,1,Active,t,3,10,260,320,20,40,75,125,5.5,6.7,7.03,0.33,6.94,0.18,6.9,0.1,6,-1.4,145.1,138.5,15.7,2274.6,2171.1,9.25,3,47.1,0.1,0.5,293,13.379585,37.290459
4325,TNBG084,ITCS006,RR,AMR,1,Active,t,3,10,260,320,20,40,75,125,5.5,6.7,7.03,0.33,6.94,0.18,6.9,0.1,6,-1.4,145.1,138.5,15.7,2274.6,2171.1,9.25,3,47.1,0.1,0.5,293,13.454138,37.228779
4326,TNBG084,ITCS006,RR,AMR,1,Active,t,3,10,260,320,20,40,75,125,5.5,6.7,7.03,0.33,6.94,0.18,6.9,0.1,6,-1.4,145.1,138.5,15.7,2274.6,2171.1,9.25,3,47.1,0.1,0.5,293,13.581533,37.168721
4327,TNBG084,ITCS006,RR,AMR,1,Active,t,3,10,260,320,20,40,75,125,5.5,6.7,7.03,0.33,6.94,0.18,6.9,0.1,6,-1.4,145.1,138.5,15.7,2274.6,2171.1,9.25,3,47.1,0.1,0.5,293,13.708928,37.108662
4328,TNBG084,ITCS006,RR,AMR,1,Active,t,3,10,260,320,20,40,75,125,5.5,6.7,7.03,0.33,6.94,0.18,6.9,0.1,6,-1.4,145.1,138.5,15.7,2274.6,2171.1,9.25,3,47.1,0.1,0.5,293,13.812161,37.083118
4329,TNBG084,ITCS006,RR,AMR,1,Active,t,3,10,260,320,20,40,75,125,5.5,6.7,7.03,0.33,6.94,0.18,6.9,0.1,6,-1.4,145.1,138.5,15.7,2274.6,2171.1,9.25,3,47.1,0.1,0.5,293,13.915394,37.057574
4330,TNBG084,ITCS006,RR,AMR,1,Active,t,3,10,260,320,20,40,75,125,5.5,6.7,7.03,0.33,6.94,0.18,6.9,0.1,6,-1.4,145.1,138.5,15.7,2274.6,2171.1,9.25,3,47.1,0.1,0.5,293,14.068327,37.062808
4331,TNBG084,ITCS006,RR,AMR,1,Active,t,3,10,260,320,20,40,75,125,5.5,6.7,7.03,0.33,6.94,0.18,6.9,0.1,6,-1.4,145.1,138.5,15.7,2274.6,2171.1,9.25,3,47.1,0.1,0.5,293,14.221261,37.068041
4414,ITBG082,ITCS014,RR,AMR,1,Active,t,2,18,40,100,15,40,60,120,6.5,7.51,7.76,0.25,7.75,0.2,7.64,0.11,4,-1.14,274.1,270.9,43.4,11882.9,11743.4,6.32,3,130.2,0.1,1.4,300,11.56555,38.366264
4415,ITBG082,ITCS014,RR,AMR,1,Active,t,2,18,40,100,15,40,60,120,6.5,7.51,7.76,0.25,7.75,0.2,7.64,0.11,4,-1.14,274.1,270.9,43.4,11882.9,11743.4,6.32,3,130.2,0.1,1.4,300,11.692772,38.413858
4416,ITBG082,ITCS014,RR,AMR,1,Active,t,2,18,40,100,15,40,60,120,6.5,7.51,7.76,0.25,7.75,0.2,7.64,0.11,4,-1.14,274.1,270.9,43.4,11882.9,11743.4,6.32,3,130.2,0.1,1.4,300,11.819655,38.453807
4417,ITBG082,ITCS014,RR,AMR,1,Active,t,2,18,40,100,15,40,60,120,6.5,7.51,7.76,0.25,7.75,0.2,7.64,0.11,4,-1.14,274.1,270.9,43.4,11882.9,11743.4,6.32,3,130.2,0.1,1.4,300,11.98204,38.498619
4418,ITBG082,ITCS014,RR,AMR,1,Active,t,2,18,40,100,15,40,60,120,6.5,7.51,7.76,0.25,7.75,0.2,7.64,0.11,4,-1.14,274.1,270.9,43.4,11882.9,11743.4,6.32,3,130.2,0.1,1.4,300,12.157706,38.55354
4419,ITBG082,ITCS014,RR,AMR,1,Active,t,2,18,40,100,15,40,60,120,6.5,7.51,7.76,0.25,7.75,0.2,7.64,0.11,4,-1.14,274.1,270.9,43.4,11882.9,11743.4,6.32,3,130.2,0.1,1.4,300,12.364875,38.595506
4420,ITBG082,ITCS014,RR,AMR,1,Active,t,2,18,40,100,15,40,60,120,6.5,7.51,7.76,0.25,7.75,0.2,7.64,0.11,4,-1.14,274.1,270.9,43.4,11882.9,11743.4,6.32,3,130.2,0.1,1.4,300,12.492512,38.61633
4421,ITBG082,ITCS014,RR,AMR,1,Active,t,2,18,40,100,15,40,60,120,6.5,7.51,7.76,0.25,7.75,0.2,7.64,0.11,4,-1.14,274.1,270.9,43.4,11882.9,11743.4,6.32,3,130.2,0.1,1.4,300,12.620148,38.637154
4422,ITBG082,ITCS014,RR,AMR,1,Active,t,2,18,40,100,15,40,60,120,6.5,7.51,7.76,0.25,7.75,0.2,7.64,0.11,4,-1.14,274.1,270.9,43.4,11882.9,11743.4,6.32,3,130.2,0.1,1.4,300,12.804302,38.666526
4423,ITBG082,ITCS014,RR,AMR,1,Active,t,2,18,40,100,15,40,60,120,6.5,7.51,7.76,0.25,7.75,0.2,7.64,0.11,4,-1.14,274.1,270.9,43.4,11882.9,11743.4,6.32,3,130.2,0.1,1.4,300,12.988229,38.690801
4424,ITBG082,ITCS014,RR,AMR,1,Active,t,2,18,40,100,15,40,60,120,6.5,7.51,7.76,0.25,7.75,0.2,7.64,0.11,4,-1.14,274.1,270.9,43.4,11882.9,11743.4,6.32,3,130.2,0.1,1.4,300,13.178118,38.704839
4425,ITBG082,ITCS014,RR,AMR,1,Active,t,2,18,40,100,15,40,60,120,6.5,7.51,7.76,0.25,7.75,0.2,7.64,0.11,4,-1.14,274.1,270.9,43.4,11882.9,11743.4,6.32,3,130.2,0.1,1.4,300,13.377287,38.711168
4426,ITBG082,ITCS014,RR,AMR,1,Active,t,2,18,40,100,15,40,60,120,6.5,7.51,7.76,0.25,7.75,0.2,7.64,0.11,4,-1.14,274.1,270.9,43.4,11882.9,11743.4,6.32,3,130.2,0.1,1.4,300,13.540727,38.707537
4427,ITBG082,ITCS014,RR,AMR,1,Active,t,2,18,40,100,15,40,60,120,6.5,7.51,7.76,0.25,7.75,0.2,7.64,0.11,4,-1.14,274.1,270.9,43.4,11882.9,11743.4,6.32,3,130.2,0.1,1.4,300,13.733596,38.716456
4428,ITBG082,ITCS014,RR,AMR,1,Active,t,2,18,40,100,15,40,60,120,6.5,7.51,7.76,0.25,7.75,0.2,7.64,0.11,4,-1.14,274.1,270.9,43.4,11882.9,11743.4,6.32,3,130.2,0.1,1.4,300,13.920277,38.730516
4429,ITBG082,ITCS014,RR,AMR,1,Active,t,2,18,40,100,15,40,60,120,6.5,7.51,7.76,0.25,7.75,0.2,7.64,0.11,4,-1.14,274.1,270.9,43.4,11882.9,11743.4,6.32,3,130.2,0.1,1.4,300,14.145215,38.739224
4430,ITBG082,ITCS014,RR,AMR,1,Active,t,2,18,40,100,15,40,60,120,6.5,7.51,7.76,0.25,7.75,0.2,7.64,0.11,4,-1.14,274.1,270.9,43.4,11882.9,11743.4,6.32,3,130.2,0.1,1.4,300,14.340498,38.730282
4431,ITBG082,ITCS014,RR,AMR,1,Active,t,2,18,40,100,15,40,60,120,6.5,7.51,7.76,0.25,7.75,0.2,7.64,0.11,4,-1.14,274.1,270.9,43.4,11882.9,11743.4,6.32,3,130.2,0.1,1.4,300,14.500278,38.716478
4432,ITBG082,ITCS014,RR,AMR,1,Active,t,2,18,40,100,15,40,60,120,6.5,7.51,7.76,0.25,7.75,0.2,7.64,0.11,4,-1.14,274.1,270.9,43.4,11882.9,11743.4,6.32,3,130.2,0.1,1.4,300,14.650324,38.700188
4433,ITBG080,ITCS015,NN,AMR,1,Active,t,1,10,160,200,50,70,260,280,6.2,6.21,6.75,0.54,6.61,0.23,6.56,0.18,6,-0.36,50.9,50.9,10.7,543.2,542.2,4.78,3,32.1,0.1,1,301,16.286736,39.147402
4434,ITBG080,ITCS015,NN,AMR,1,Active,t,1,10,160,200,50,70,260,280,6.2,6.21,6.75,0.54,6.61,0.23,6.56,0.18,6,-0.36,50.9,50.9,10.7,543.2,542.2,4.78,3,32.1,0.1,1,301,16.287939,39.184096
4435,ITBG080,ITCS015,NN,AMR,1,Active,t,1,10,160,200,50,70,260,280,6.2,6.21,6.75,0.54,6.61,0.23,6.56,0.18,6,-0.36,50.9,50.9,10.7,543.2,542.2,4.78,3,32.1,0.1,1,301,16.289141,39.220789
4436,ITBG080,ITCS015,NN,AMR,1,Active,t,1,10,160,200,50,70,260,280,6.2,6.21,6.75,0.54,6.61,0.23,6.56,0.18,6,-0.36,50.9,50.9,10.7,543.2,542.2,4.78,3,32.1,0.1,1,301,16.2897,39.261953
4437,ITBG080,ITCS015,NN,AMR,1,Active,t,1,10,160,200,50,70,260,280,6.2,6.21,6.75,0.54,6.61,0.23,6.56,0.18,6,-0.36,50.9,50.9,10.7,543.2,542.2,4.78,3,32.1,0.1,1,301,16.291488,39.303543
4438,ITBG080,ITCS015,NN,AMR,1,Active,t,1,10,160,200,50,70,260,280,6.2,6.21,6.75,0.54,6.61,0.23,6.56,0.18,6,-0.36,50.9,50.9,10.7,543.2,542.2,4.78,3,32.1,0.1,1,301,16.291151,39.339592
4439,ITBG080,ITCS015,NN,AMR,1,Active,t,1,10,160,200,50,70,260,280,6.2,6.21,6.75,0.54,6.61,0.23,6.56,0.18,6,-0.36,50.9,50.9,10.7,543.2,542.2,4.78,3,32.1,0.1,1,301,16.292512,39.373711
4440,ITBG080,ITCS015,NN,AMR,1,Active,t,1,10,160,200,50,70,260,280,6.2,6.21,6.75,0.54,6.61,0.23,6.56,0.18,6,-0.36,50.9,50.9,10.7,543.2,542.2,4.78,3,32.1,0.1,1,301,16.289659,39.407978
4441,ITBG080,ITCS015,NN,AMR,1,Active,t,1,10,160,200,50,70,260,280,6.2,6.21,6.75,0.54,6.61,0.23,6.56,0.18,6,-0.36,50.9,50.9,10.7,543.2,542.2,4.78,3,32.1,0.1,1,301,16.286496,39.447404
4442,ITBG080,ITCS015,NN,AMR,1,Active,t,1,10,160,200,50,70,260,280,6.2,6.21,6.75,0.54,6.61,0.23,6.56,0.18,6,-0.36,50.9,50.9,10.7,543.2,542.2,4.78,3,32.1,0.1,1,301,16.283028,39.486331
4443,ITBG080,ITCS015,NN,AMR,1,Active,t,1,10,160,200,50,70,260,280,6.2,6.21,6.75,0.54,6.61,0.23,6.56,0.18,6,-0.36,50.9,50.9,10.7,543.2,542.2,4.78,3,32.1,0.1,1,301,16.277021,39.525693
4444,ITBG080,ITCS015,NN,AMR,1,Active,t,1,10,160,200,50,70,260,280,6.2,6.21,6.75,0.54,6.61,0.23,6.56,0.18,6,-0.36,50.9,50.9,10.7,543.2,542.2,4.78,3,32.1,0.1,1,301,16.271015,39.565055
4445,ITBG080,ITCS015,NN,AMR,1,Active,t,1,10,160,200,50,70,260,280,6.2,6.21,6.75,0.54,6.61,0.23,6.56,0.18,6,-0.36,50.9,50.9,10.7,543.2,542.2,4.78,3,32.1,0.1,1,301,16.265008,39.604417
4446,ITBG080,ITCS016,NN,AMR,1,Active,t,2,13,10,30,25,40,250,280,7,6.86,7.09,0.23,7.07,0.15,6.98,0.08,5,0.02,51.3,51.3,21.6,1107.4,1107.4,2.38,2.38,51.3,0.9,2,302,15.399604,37.872159
4447,ITBG080,ITCS016,NN,AMR,1,Active,t,2,13,10,30,25,40,250,280,7,6.86,7.09,0.23,7.07,0.15,6.98,0.08,5,0.02,51.3,51.3,21.6,1107.4,1107.4,2.38,2.38,51.3,0.9,2,302,15.418132,37.911965
4448,ITBG080,ITCS016,NN,AMR,1,Active,t,2,13,10,30,25,40,250,280,7,6.86,7.09,0.23,7.07,0.15,6.98,0.08,5,0.02,51.3,51.3,21.6,1107.4,1107.4,2.38,2.38,51.3,0.9,2,302,15.436658,37.951772
4449,ITBG080,ITCS016,NN,AMR,1,Active,t,2,13,10,30,25,40,250,280,7,6.86,7.09,0.23,7.07,0.15,6.98,0.08,5,0.02,51.3,51.3,21.6,1107.4,1107.4,2.38,2.38,51.3,0.9,2,302,15.455186,37.991578
4450,ITBG080,ITCS016,NN,AMR,1,Active,t,2,13,10,30,25,40,250,280,7,6.86,7.09,0.23,7.07,0.15,6.98,0.08,5,0.02,51.3,51.3,21.6,1107.4,1107.4,2.38,2.38,51.3,0.9,2,302,15.473713,38.031385
4451,ITBG080,ITCS016,NN,AMR,1,Active,t,2,13,10,30,25,40,250,280,7,6.86,7.09,0.23,7.07,0.15,6.98,0.08,5,0.02,51.3,51.3,21.6,1107.4,1107.4,2.38,2.38,51.3,0.9,2,302,15.492241,38.071191
4452,ITBG080,ITCS016,NN,AMR,1,Active,t,2,13,10,30,25,40,250,280,7,6.86,7.09,0.23,7.07,0.15,6.98,0.08,5,0.02,51.3,51.3,21.6,1107.4,1107.4,2.38,2.38,51.3,0.9,2,302,15.510766,38.110997
4453,ITBG080,ITCS016,NN,AMR,1,Active,t,2,13,10,30,25,40,250,280,7,6.86,7.09,0.23,7.07,0.15,6.98,0.08,5,0.02,51.3,51.3,21.6,1107.4,1107.4,2.38,2.38,51.3,0.9,2,302,15.529294,38.150803
4454,ITBG080,ITCS016,NN,AMR,1,Active,t,2,13,10,30,25,40,250,280,7,6.86,7.09,0.23,7.07,0.15,6.98,0.08,5,0.02,51.3,51.3,21.6,1107.4,1107.4,2.38,2.38,51.3,0.9,2,302,15.547821,38.190609
4455,ITBG080,ITCS016,NN,AMR,1,Active,t,2,13,10,30,25,40,250,280,7,6.86,7.09,0.23,7.07,0.15,6.98,0.08,5,0.02,51.3,51.3,21.6,1107.4,1107.4,2.38,2.38,51.3,0.9,2,302,15.566349,38.230416
4456,ITBG080,ITCS016,NN,AMR,1,Active,t,2,13,10,30,25,40,250,280,7,6.86,7.09,0.23,7.07,0.15,6.98,0.08,5,0.02,51.3,51.3,21.6,1107.4,1107.4,2.38,2.38,51.3,0.9,2,302,15.584875,38.270223
4457,ITBG080,ITCS016,NN,AMR,1,Active,t,2,13,10,30,25,40,250,280,7,6.86,7.09,0.23,7.07,0.15,6.98,0.08,5,0.02,51.3,51.3,21.6,1107.4,1107.4,2.38,2.38,51.3,0.9,2,302,15.602863,38.305249
4458,ITBG083,ITCS017,LL,SCR,2,Active,t,1,23,10,30,70,90,350,10,5.5,6.93,7.01,0.08,7.15,0.28,6.97,0.04,2,-1.47,46.5,46.3,22.7,1055,1050.5,2.05,2.05,46.3,1,1.4,303,14.816656,37.073206
4459,ITBG083,ITCS017,LL,SCR,2,Active,t,1,23,10,30,70,90,350,10,5.5,6.93,7.01,0.08,7.15,0.28,6.97,0.04,2,-1.47,46.5,46.3,22.7,1055,1050.5,2.05,2.05,46.3,1,1.4,303,14.794133,37.03321
4460,ITBG083,ITCS017,LL,SCR,2,Active,t,1,23,10,30,70,90,350,10,5.5,6.93,7.01,0.08,7.15,0.28,6.97,0.04,2,-1.47,46.5,46.3,22.7,1055,1050.5,2.05,2.05,46.3,1,1.4,303,14.771609,36.993214
4461,ITBG083,ITCS017,LL,SCR,2,Active,t,1,23,10,30,70,90,350,10,5.5,6.93,7.01,0.08,7.15,0.28,6.97,0.04,2,-1.47,46.5,46.3,22.7,1055,1050.5,2.05,2.05,46.3,1,1.4,303,14.749086,36.953218
4462,ITBG083,ITCS017,LL,SCR,2,Active,t,1,23,10,30,70,90,350,10,5.5,6.93,7.01,0.08,7.15,0.28,6.97,0.04,2,-1.47,46.5,46.3,22.7,1055,1050.5,2.05,2.05,46.3,1,1.4,303,14.726562,36.913222
4463,ITBG083,ITCS017,LL,SCR,2,Active,t,1,23,10,30,70,90,350,10,5.5,6.93,7.01,0.08,7.15,0.28,6.97,0.04,2,-1.47,46.5,46.3,22.7,1055,1050.5,2.05,2.05,46.3,1,1.4,303,14.714825,36.873924
4464,ITBG083,ITCS017,LL,SCR,2,Active,t,1,23,10,30,70,90,350,10,5.5,6.93,7.01,0.08,7.15,0.28,6.97,0.04,2,-1.47,46.5,46.3,22.7,1055,1050.5,2.05,2.05,46.3,1,1.4,303,14.703088,36.834627
4465,ITBG083,ITCS017,LL,SCR,2,Active,t,1,23,10,30,70,90,350,10,5.5,6.93,7.01,0.08,7.15,0.28,6.97,0.04,2,-1.47,46.5,46.3,22.7,1055,1050.5,2.05,2.05,46.3,1,1.4,303,14.691351,36.795329
4466,ITBG083,ITCS017,LL,SCR,2,Active,t,1,23,10,30,70,90,350,10,5.5,6.93,7.01,0.08,7.15,0.28,6.97,0.04,2,-1.47,46.5,46.3,22.7,1055,1050.5,2.05,2.05,46.3,1,1.4,303,14.679614,36.756031
4467,ITBG083,ITCS017,LL,SCR,2,Active,t,1,23,10,30,70,90,350,10,5.5,6.93,7.01,0.08,7.15,0.28,6.97,0.04,2,-1.47,46.5,46.3,22.7,1055,1050.5,2.05,2.05,46.3,1,1.4,303,14.667877,36.716734
4468,ITBG083,ITCS017,LL,SCR,2,Active,t,1,23,10,30,70,90,350,10,5.5,6.93,7.01,0.08,7.15,0.28,6.97,0.04,2,-1.47,46.5,46.3,22.7,1055,1050.5,2.05,2.05,46.3,1,1.4,303,14.65614,36.677436
4496,TNBG084,ITCS021,RR,AMR,1,Active,t,3,10,250,290,40,60,85,135,5.6,6.28,6.66,0.38,6.55,0.21,6.53,0.14,6,-0.93,59.3,58.4,9.5,562.8,554.5,6.25,3,28.5,0.1,0.5,306,12.403623,37.719209
4497,TNBG084,ITCS021,RR,AMR,1,Active,t,3,10,250,290,40,60,85,135,5.6,6.28,6.66,0.38,6.55,0.21,6.53,0.14,6,-0.93,59.3,58.4,9.5,562.8,554.5,6.25,3,28.5,0.1,0.5,306,12.452981,37.730197
4498,TNBG084,ITCS021,RR,AMR,1,Active,t,3,10,250,290,40,60,85,135,5.6,6.28,6.66,0.38,6.55,0.21,6.53,0.14,6,-0.93,59.3,58.4,9.5,562.8,554.5,6.25,3,28.5,0.1,0.5,306,12.50234,37.741186
4499,TNBG084,ITCS021,RR,AMR,1,Active,t,3,10,250,290,40,60,85,135,5.6,6.28,6.66,0.38,6.55,0.21,6.53,0.14,6,-0.93,59.3,58.4,9.5,562.8,554.5,6.25,3,28.5,0.1,0.5,306,12.551698,37.752174
4500,TNBG084,ITCS021,RR,AMR,1,Active,t,3,10,250,290,40,60,85,135,5.6,6.28,6.66,0.38,6.55,0.21,6.53,0.14,6,-0.93,59.3,58.4,9.5,562.8,554.5,6.25,3,28.5,0.1,0.5,306,12.605709,37.761519
4501,TNBG084,ITCS021,RR,AMR,1,Active,t,3,10,250,290,40,60,85,135,5.6,6.28,6.66,0.38,6.55,0.21,6.53,0.14,6,-0.93,59.3,58.4,9.5,562.8,554.5,6.25,3,28.5,0.1,0.5,306,12.659719,37.770863
4502,TNBG084,ITCS021,RR,AMR,1,Active,t,3,10,250,290,40,60,85,135,5.6,6.28,6.66,0.38,6.55,0.21,6.53,0.14,6,-0.93,59.3,58.4,9.5,562.8,554.5,6.25,3,28.5,0.1,0.5,306,12.71373,37.780208
4503,TNBG084,ITCS021,RR,AMR,1,Active,t,3,10,250,290,40,60,85,135,5.6,6.28,6.66,0.38,6.55,0.21,6.53,0.14,6,-0.93,59.3,58.4,9.5,562.8,554.5,6.25,3,28.5,0.1,0.5,306,12.761136,37.777992
4504,TNBG084,ITCS021,RR,AMR,1,Active,t,3,10,250,290,40,60,85,135,5.6,6.28,6.66,0.38,6.55,0.21,6.53,0.14,6,-0.93,59.3,58.4,9.5,562.8,554.5,6.25,3,28.5,0.1,0.5,306,12.808543,37.775777
4505,TNBG084,ITCS021,RR,AMR,1,Active,t,3,10,250,290,40,60,85,135,5.6,6.28,6.66,0.38,6.55,0.21,6.53,0.14,6,-0.93,59.3,58.4,9.5,562.8,554.5,6.25,3,28.5,0.1,0.5,306,12.855949,37.773561
4506,TNBG084,ITCS021,RR,AMR,1,Active,t,3,10,250,290,40,60,85,135,5.6,6.28,6.66,0.38,6.55,0.21,6.53,0.14,6,-0.93,59.3,58.4,9.5,562.8,554.5,6.25,3,28.5,0.1,0.5,306,12.908704,37.768276
4507,TNBG084,ITCS021,RR,AMR,1,Active,t,3,10,250,290,40,60,85,135,5.6,6.28,6.66,0.38,6.55,0.21,6.53,0.14,6,-0.93,59.3,58.4,9.5,562.8,554.5,6.25,3,28.5,0.1,0.5,306,12.961458,37.762991
4508,TNBG084,ITCS021,RR,AMR,1,Active,t,3,10,250,290,40,60,85,135,5.6,6.28,6.66,0.38,6.55,0.21,6.53,0.14,6,-0.93,59.3,58.4,9.5,562.8,554.5,6.25,3,28.5,0.1,0.5,306,13.014213,37.757706
4509,TNBG084,ITCS021,RR,AMR,1,Active,t,3,10,250,290,40,60,85,135,5.6,6.28,6.66,0.38,6.55,0.21,6.53,0.14,6,-0.93,59.3,58.4,9.5,562.8,554.5,6.25,3,28.5,0.1,0.5,306,13.066967,37.752421
4601,TNBG084,ITCS029,RR,AMR,1,Active,t,3,10,225,260,20,40,80,100,6,6.7,7.03,0.33,6.94,0.18,6.9,0.1,6,-0.9,96.3,95.8,15.7,1509.8,1501.9,6.14,3,47.1,0.1,0.5,313,14.23391,37.075559
4602,TNBG084,ITCS029,RR,AMR,1,Active,t,3,10,225,260,20,40,80,100,6,6.7,7.03,0.33,6.94,0.18,6.9,0.1,6,-0.9,96.3,95.8,15.7,1509.8,1501.9,6.14,3,47.1,0.1,0.5,313,14.313596,37.127035
4603,TNBG084,ITCS029,RR,AMR,1,Active,t,3,10,225,260,20,40,80,100,6,6.7,7.03,0.33,6.94,0.18,6.9,0.1,6,-0.9,96.3,95.8,15.7,1509.8,1501.9,6.14,3,47.1,0.1,0.5,313,14.393283,37.17851
4604,TNBG084,ITCS029,RR,AMR,1,Active,t,3,10,225,260,20,40,80,100,6,6.7,7.03,0.33,6.94,0.18,6.9,0.1,6,-0.9,96.3,95.8,15.7,1509.8,1501.9,6.14,3,47.1,0.1,0.5,313,14.472969,37.229986
4605,TNBG084,ITCS029,RR,AMR,1,Active,t,3,10,225,260,20,40,80,100,6,6.7,7.03,0.33,6.94,0.18,6.9,0.1,6,-0.9,96.3,95.8,15.7,1509.8,1501.9,6.14,3,47.1,0.1,0.5,313,14.549385,37.272189
4606,TNBG084,ITCS029,RR,AMR,1,Active,t,3,10,225,260,20,40,80,100,6,6.7,7.03,0.33,6.94,0.18,6.9,0.1,6,-0.9,96.3,95.8,15.7,1509.8,1501.9,6.14,3,47.1,0.1,0.5,313,14.625801,37.314393
4607,TNBG084,ITCS029,RR,AMR,1,Active,t,3,10,225,260,20,40,80,100,6,6.7,7.03,0.33,6.94,0.18,6.9,0.1,6,-0.9,96.3,95.8,15.7,1509.8,1501.9,6.14,3,47.1,0.1,0.5,313,14.702217,37.356596
4608,TNBG084,ITCS029,RR,AMR,1,Active,t,3,10,225,260,20,40,80,100,6,6.7,7.03,0.33,6.94,0.18,6.9,0.1,6,-0.9,96.3,95.8,15.7,1509.8,1501.9,6.14,3,47.1,0.1,0.5,313,14.773775,37.385465
4609,TNBG084,ITCS029,RR,AMR,1,Active,t,3,10,225,260,20,40,80,100,6,6.7,7.03,0.33,6.94,0.18,6.9,0.1,6,-0.9,96.3,95.8,15.7,1509.8,1501.9,6.14,3,47.1,0.1,0.5,313,14.845333,37.414333
4610,TNBG084,ITCS029,RR,AMR,1,Active,t,3,10,225,260,20,40,80,100,6,6.7,7.03,0.33,6.94,0.18,6.9,0.1,6,-0.9,96.3,95.8,15.7,1509.8,1501.9,6.14,3,47.1,0.1,0.5,313,14.916891,37.443202
4611,TNBG084,ITCS029,RR,AMR,1,Active,t,3,10,225,260,20,40,80,100,6,6.7,7.03,0.33,6.94,0.18,6.9,0.1,6,-0.9,96.3,95.8,15.7,1509.8,1501.9,6.14,3,47.1,0.1,0.5,313,14.996412,37.471517
4612,TNBG084,ITCS029,RR,AMR,1,Active,t,3,10,225,260,20,40,80,100,6,6.7,7.03,0.33,6.94,0.18,6.9,0.1,6,-0.9,96.3,95.8,15.7,1509.8,1501.9,6.14,3,47.1,0.1,0.5,313,15.075933,37.499832
4613,TNBG084,ITCS029,RR,AMR,1,Active,t,3,10,225,260,20,40,80,100,6,6.7,7.03,0.33,6.94,0.18,6.9,0.1,6,-0.9,96.3,95.8,15.7,1509.8,1501.9,6.14,3,47.1,0.1,0.5,313,15.155454,37.528147
4642,ITBG083,ITCS035,LL,SCR,2,Active,t,1,23,355,15,60,90,350,30,5.6,6.9,7.01,0.11,7.15,0.3,6.96,0.05,2,-1.36,43.9,43.9,23.7,1041.6,1041.6,1.85,1.85,43.9,0.1,1,316,14.7333,37.330387
4643,ITBG083,ITCS035,LL,SCR,2,Active,t,1,23,355,15,60,90,350,30,5.6,6.9,7.01,0.11,7.15,0.3,6.96,0.05,2,-1.36,43.9,43.9,23.7,1041.6,1041.6,1.85,1.85,43.9,0.1,1,316,14.731299,37.286501
4644,ITBG083,ITCS035,LL,SCR,2,Active,t,1,23,355,15,60,90,350,30,5.6,6.9,7.01,0.11,7.15,0.3,6.96,0.05,2,-1.36,43.9,43.9,23.7,1041.6,1041.6,1.85,1.85,43.9,0.1,1,316,14.729298,37.242615
4645,ITBG083,ITCS035,LL,SCR,2,Active,t,1,23,355,15,60,90,350,30,5.6,6.9,7.01,0.11,7.15,0.3,6.96,0.05,2,-1.36,43.9,43.9,23.7,1041.6,1041.6,1.85,1.85,43.9,0.1,1,316,14.727296,37.198729
4646,ITBG083,ITCS035,LL,SCR,2,Active,t,1,23,355,15,60,90,350,30,5.6,6.9,7.01,0.11,7.15,0.3,6.96,0.05,2,-1.36,43.9,43.9,23.7,1041.6,1041.6,1.85,1.85,43.9,0.1,1,316,14.725295,37.154843
4647,ITBG083,ITCS035,LL,SCR,2,Active,t,1,23,355,15,60,90,350,30,5.6,6.9,7.01,0.11,7.15,0.3,6.96,0.05,2,-1.36,43.9,43.9,23.7,1041.6,1041.6,1.85,1.85,43.9,0.1,1,316,14.723294,37.110956
4648,ITBG083,ITCS035,LL,SCR,2,Active,t,1,23,355,15,60,90,350,30,5.6,6.9,7.01,0.11,7.15,0.3,6.96,0.05,2,-1.36,43.9,43.9,23.7,1041.6,1041.6,1.85,1.85,43.9,0.1,1,316,14.721293,37.06707
4649,ITBG083,ITCS035,LL,SCR,2,Active,t,1,23,355,15,60,90,350,30,5.6,6.9,7.01,0.11,7.15,0.3,6.96,0.05,2,-1.36,43.9,43.9,23.7,1041.6,1041.6,1.85,1.85,43.9,0.1,1,316,14.719291,37.023184
4650,ITBG083,ITCS035,LL,SCR,2,Active,t,1,23,355,15,60,90,350,30,5.6,6.9,7.01,0.11,7.15,0.3,6.96,0.05,2,-1.36,43.9,43.9,23.7,1041.6,1041.6,1.85,1.85,43.9,0.1,1,316,14.71729,36.979298
4651,ITBG083,ITCS035,LL,SCR,2,Active,t,1,23,355,15,60,90,350,30,5.6,6.9,7.01,0.11,7.15,0.3,6.96,0.05,2,-1.36,43.9,43.9,23.7,1041.6,1041.6,1.85,1.85,43.9,0.1,1,316,14.715289,36.935412
4652,ITBG083,ITCS036,RR,SCR,2,Active,t,3,15,50,70,40,50,60,90,6.6,6.73,6.73,0,6.79,0.12,6.73,0,2,-0.13,31.5,31.5,17.2,540.8,540.8,1.84,1.84,31.5,0.1,0.5,317,15.140597,37.280634
4653,ITBG083,ITCS036,RR,SCR,2,Active,t,3,15,50,70,40,50,60,90,6.6,6.73,6.73,0,6.79,0.12,6.73,0,2,-0.13,31.5,31.5,17.2,540.8,540.8,1.84,1.84,31.5,0.1,0.5,317,15.097631,37.259027
4654,ITBG083,ITCS036,RR,SCR,2,Active,t,3,15,50,70,40,50,60,90,6.6,6.73,6.73,0,6.79,0.12,6.73,0,2,-0.13,31.5,31.5,17.2,540.8,540.8,1.84,1.84,31.5,0.1,0.5,317,15.054665,37.237421
4655,ITBG083,ITCS036,RR,SCR,2,Active,t,3,15,50,70,40,50,60,90,6.6,6.73,6.73,0,6.79,0.12,6.73,0,2,-0.13,31.5,31.5,17.2,540.8,540.8,1.84,1.84,31.5,0.1,0.5,317,15.011699,37.215814
4656,ITBG083,ITCS036,RR,SCR,2,Active,t,3,15,50,70,40,50,60,90,6.6,6.73,6.73,0,6.79,0.12,6.73,0,2,-0.13,31.5,31.5,17.2,540.8,540.8,1.84,1.84,31.5,0.1,0.5,317,14.968734,37.194208
4657,ITBG083,ITCS036,RR,SCR,2,Active,t,3,15,50,70,40,50,60,90,6.6,6.73,6.73,0,6.79,0.12,6.73,0,2,-0.13,31.5,31.5,17.2,540.8,540.8,1.84,1.84,31.5,0.1,0.5,317,14.925768,37.172601
4658,ITBG083,ITCS036,RR,SCR,2,Active,t,3,15,50,70,40,50,60,90,6.6,6.73,6.73,0,6.79,0.12,6.73,0,2,-0.13,31.5,31.5,17.2,540.8,540.8,1.84,1.84,31.5,0.1,0.5,317,14.882802,37.150995
4659,ITBG083,ITCS036,RR,SCR,2,Active,t,3,15,50,70,40,50,60,90,6.6,6.73,6.73,0,6.79,0.12,6.73,0,2,-0.13,31.5,31.5,17.2,540.8,540.8,1.84,1.84,31.5,0.1,0.5,317,14.839836,37.129388
4701,ITBG081,ITCS042,RL,AMR,1,Active,t,1,25,140,170,70,90,180,220,6.1,7.09,7.41,0.32,7.39,0.26,7.24,0.12,7,-1.14,71.9,71.5,24.8,1781.8,1770.6,2.9,2.9,71.5,0.1,0.5,321,15.207108,38.034404
4702,ITBG081,ITCS042,RL,AMR,1,Active,t,1,25,140,170,70,90,180,220,6.1,7.09,7.41,0.32,7.39,0.26,7.24,0.12,7,-1.14,71.9,71.5,24.8,1781.8,1770.6,2.9,2.9,71.5,0.1,0.5,321,15.175423,38.087133
4703,ITBG081,ITCS042,RL,AMR,1,Active,t,1,25,140,170,70,90,180,220,6.1,7.09,7.41,0.32,7.39,0.26,7.24,0.12,7,-1.14,71.9,71.5,24.8,1781.8,1770.6,2.9,2.9,71.5,0.1,0.5,321,15.143738,38.139863
4704,ITBG081,ITCS042,RL,AMR,1,Active,t,1,25,140,170,70,90,180,220,6.1,7.09,7.41,0.32,7.39,0.26,7.24,0.12,7,-1.14,71.9,71.5,24.8,1781.8,1770.6,2.9,2.9,71.5,0.1,0.5,321,15.112053,38.192592
4705,ITBG081,ITCS042,RL,AMR,1,Active,t,1,25,140,170,70,90,180,220,6.1,7.09,7.41,0.32,7.39,0.26,7.24,0.12,7,-1.14,71.9,71.5,24.8,1781.8,1770.6,2.9,2.9,71.5,0.1,0.5,321,15.082498,38.247746
4706,ITBG081,ITCS042,RL,AMR,1,Active,t,1,25,140,170,70,90,180,220,6.1,7.09,7.41,0.32,7.39,0.26,7.24,0.12,7,-1.14,71.9,71.5,24.8,1781.8,1770.6,2.9,2.9,71.5,0.1,0.5,321,15.056362,38.28143
4707,ITBG081,ITCS042,RL,AMR,1,Active,t,1,25,140,170,70,90,180,220,6.1,7.09,7.41,0.32,7.39,0.26,7.24,0.12,7,-1.14,71.9,71.5,24.8,1781.8,1770.6,2.9,2.9,71.5,0.1,0.5,321,15.030225,38.315113
4708,ITBG081,ITCS042,RL,AMR,1,Active,t,1,25,140,170,70,90,180,220,6.1,7.09,7.41,0.32,7.39,0.26,7.24,0.12,7,-1.14,71.9,71.5,24.8,1781.8,1770.6,2.9,2.9,71.5,0.1,0.5,321,15.018145,38.36879
4709,ITBG081,ITCS042,RL,AMR,1,Active,t,1,25,140,170,70,90,180,220,6.1,7.09,7.41,0.32,7.39,0.26,7.24,0.12,7,-1.14,71.9,71.5,24.8,1781.8,1770.6,2.9,2.9,71.5,0.1,0.5,321,15.006065,38.422467
4710,ITBG081,ITCS042,RL,AMR,1,Active,t,1,25,140,170,70,90,180,220,6.1,7.09,7.41,0.32,7.39,0.26,7.24,0.12,7,-1.14,71.9,71.5,24.8,1781.8,1770.6,2.9,2.9,71.5,0.1,0.5,321,14.983324,38.475616
4711,ITBG081,ITCS042,RL,AMR,1,Active,t,1,25,140,170,70,90,180,220,6.1,7.09,7.41,0.32,7.39,0.26,7.24,0.12,7,-1.14,71.9,71.5,24.8,1781.8,1770.6,2.9,2.9,71.5,0.1,0.5,321,14.960584,38.528765
4712,ITBG081,ITCS042,RL,AMR,1,Active,t,1,25,140,170,70,90,180,220,6.1,7.09,7.41,0.32,7.39,0.26,7.24,0.12,7,-1.14,71.9,71.5,24.8,1781.8,1770.6,2.9,2.9,71.5,0.1,0.5,321,14.937843,38.581915
4713,ITBG081,ITCS042,RL,AMR,1,Active,t,1,25,140,170,70,90,180,220,6.1,7.09,7.41,0.32,7.39,0.26,7.24,0.12,7,-1.14,71.9,71.5,24.8,1781.8,1770.6,2.9,2.9,71.5,0.1,0.5,321,14.915102,38.635064
4824,ITBG080,ITCS053,NN,AMR,1,Active,t,3,11,20,40,20,40,260,280,6.6,6.55,6.69,0.14,6.72,0.13,6.64,0.05,6,-0.04,27.3,27.3,17.9,488.7,488.6,1.52,1.52,27.3,0.1,1,330,16.219328,38.741411
4825,ITBG080,ITCS053,NN,AMR,1,Active,t,3,11,20,40,20,40,260,280,6.6,6.55,6.69,0.14,6.72,0.13,6.64,0.05,6,-0.04,27.3,27.3,17.9,488.7,488.6,1.52,1.52,27.3,0.1,1,330,16.203691,38.720534
4826,ITBG080,ITCS053,NN,AMR,1,Active,t,3,11,20,40,20,40,260,280,6.6,6.55,6.69,0.14,6.72,0.13,6.64,0.05,6,-0.04,27.3,27.3,17.9,488.7,488.6,1.52,1.52,27.3,0.1,1,330,16.188054,38.699656
4827,ITBG080,ITCS053,NN,AMR,1,Active,t,3,11,20,40,20,40,260,280,6.6,6.55,6.69,0.14,6.72,0.13,6.64,0.05,6,-0.04,27.3,27.3,17.9,488.7,488.6,1.52,1.52,27.3,0.1,1,330,16.172417,38.678778
4828,ITBG080,ITCS053,NN,AMR,1,Active,t,3,11,20,40,20,40,260,280,6.6,6.55,6.69,0.14,6.72,0.13,6.64,0.05,6,-0.04,27.3,27.3,17.9,488.7,488.6,1.52,1.52,27.3,0.1,1,330,16.15678,38.6579
4829,ITBG080,ITCS053,NN,AMR,1,Active,t,3,11,20,40,20,40,260,280,6.6,6.55,6.69,0.14,6.72,0.13,6.64,0.05,6,-0.04,27.3,27.3,17.9,488.7,488.6,1.52,1.52,27.3,0.1,1,330,16.141143,38.637023
4830,ITBG080,ITCS053,NN,AMR,1,Active,t,3,11,20,40,20,40,260,280,6.6,6.55,6.69,0.14,6.72,0.13,6.64,0.05,6,-0.04,27.3,27.3,17.9,488.7,488.6,1.52,1.52,27.3,0.1,1,330,16.125505,38.616145
4831,ITBG080,ITCS053,NN,AMR,1,Active,t,3,11,20,40,20,40,260,280,6.6,6.55,6.69,0.14,6.72,0.13,6.64,0.05,6,-0.04,27.3,27.3,17.9,488.7,488.6,1.52,1.52,27.3,0.1,1,330,16.109868,38.595267
4832,ITBG080,ITCS053,NN,AMR,1,Active,t,3,11,20,40,20,40,260,280,6.6,6.55,6.69,0.14,6.72,0.13,6.64,0.05,6,-0.04,27.3,27.3,17.9,488.7,488.6,1.52,1.52,27.3,0.1,1,330,16.094231,38.574389
4833,ITBG080,ITCS053,NN,AMR,1,Active,t,3,11,20,40,20,40,260,280,6.6,6.55,6.69,0.14,6.72,0.13,6.64,0.05,6,-0.04,27.3,27.3,17.9,488.7,488.6,1.52,1.52,27.3,0.1,1,330,16.076525,38.552521
4834,ITBG080,ITCS053,NN,AMR,1,Active,t,3,11,20,40,20,40,260,280,6.6,6.55,6.69,0.14,6.72,0.13,6.64,0.05,6,-0.04,27.3,27.3,17.9,488.7,488.6,1.52,1.52,27.3,0.1,1,330,16.058819,38.530652
4835,ITBG080,ITCS055,RL,AMR,1,Active,t,3,12,290,310,60,80,210,240,6,6.37,6.64,0.27,6.55,0.16,6.5,0.09,7,-0.5,63.2,63.2,9.8,617,617,6.47,3,29.4,0.1,0.5,331,15.596482,38.359655
4836,ITBG080,ITCS055,RL,AMR,1,Active,t,3,12,290,310,60,80,210,240,6,6.37,6.64,0.27,6.55,0.16,6.5,0.09,7,-0.5,63.2,63.2,9.8,617,617,6.47,3,29.4,0.1,0.5,331,15.653514,38.33396
4837,ITBG080,ITCS055,RL,AMR,1,Active,t,3,12,290,310,60,80,210,240,6,6.37,6.64,0.27,6.55,0.16,6.5,0.09,7,-0.5,63.2,63.2,9.8,617,617,6.47,3,29.4,0.1,0.5,331,15.710546,38.308266
4838,ITBG080,ITCS055,RL,AMR,1,Active,t,3,12,290,310,60,80,210,240,6,6.37,6.64,0.27,6.55,0.16,6.5,0.09,7,-0.5,63.2,63.2,9.8,617,617,6.47,3,29.4,0.1,0.5,331,15.767578,38.282573
4839,ITBG080,ITCS055,RL,AMR,1,Active,t,3,12,290,310,60,80,210,240,6,6.37,6.64,0.27,6.55,0.16,6.5,0.09,7,-0.5,63.2,63.2,9.8,617,617,6.47,3,29.4,0.1,0.5,331,15.82461,38.256879
4840,ITBG080,ITCS055,RL,AMR,1,Active,t,3,12,290,310,60,80,210,240,6,6.37,6.64,0.27,6.55,0.16,6.5,0.09,7,-0.5,63.2,63.2,9.8,617,617,6.47,3,29.4,0.1,0.5,331,15.881643,38.231184
4841,ITBG080,ITCS055,RL,AMR,1,Active,t,3,12,290,310,60,80,210,240,6,6.37,6.64,0.27,6.55,0.16,6.5,0.09,7,-0.5,63.2,63.2,9.8,617,617,6.47,3,29.4,0.1,0.5,331,15.938672,38.205489
4842,ITBG080,ITCS055,RL,AMR,1,Active,t,3,12,290,310,60,80,210,240,6,6.37,6.64,0.27,6.55,0.16,6.5,0.09,7,-0.5,63.2,63.2,9.8,617,617,6.47,3,29.4,0.1,0.5,331,15.995705,38.179794
4843,ITBG080,ITCS055,RL,AMR,1,Active,t,3,12,290,310,60,80,210,240,6,6.37,6.64,0.27,6.55,0.16,6.5,0.09,7,-0.5,63.2,63.2,9.8,617,617,6.47,3,29.4,0.1,0.5,331,16.052737,38.1541
4844,ITBG080,ITCS055,RL,AMR,1,Active,t,3,12,290,310,60,80,210,240,6,6.37,6.64,0.27,6.55,0.16,6.5,0.09,7,-0.5,63.2,63.2,9.8,617,617,6.47,3,29.4,0.1,0.5,331,16.109769,38.128407
4845,ITBG080,ITCS055,RL,AMR,1,Active,t,3,12,290,310,60,80,210,240,6,6.37,6.64,0.27,6.55,0.16,6.5,0.09,7,-0.5,63.2,63.2,9.8,617,617,6.47,3,29.4,0.1,0.5,331,16.166801,38.102713
4846,ITBG080,ITCS055,RL,AMR,1,Active,t,3,12,290,310,60,80,210,240,6,6.37,6.64,0.27,6.55,0.16,6.5,0.09,7,-0.5,63.2,63.2,9.8,617,617,6.47,3,29.4,0.1,0.5,331,16.223833,38.077018
4918,ITBG080,ITCS068,LL,AMR,1,Active,t,3,15,90,110,70,90,330,10,6.9,6.63,6.78,0.15,6.77,0.14,6.69,0.06,7,0.21,80.3,80.3,12.4,994,994,6.48,3,37.2,0.1,0.5,339,16.831587,38.841049
4919,ITBG080,ITCS068,LL,AMR,1,Active,t,3,15,90,110,70,90,330,10,6.9,6.63,6.78,0.15,6.77,0.14,6.69,0.06,7,0.21,80.3,80.3,12.4,994,994,6.48,3,37.2,0.1,0.5,339,16.785838,38.846944
4920,ITBG080,ITCS068,LL,AMR,1,Active,t,3,15,90,110,70,90,330,10,6.9,6.63,6.78,0.15,6.77,0.14,6.69,0.06,7,0.21,80.3,80.3,12.4,994,994,6.48,3,37.2,0.1,0.5,339,16.740088,38.852839
4921,ITBG080,ITCS068,LL,AMR,1,Active,t,3,15,90,110,70,90,330,10,6.9,6.63,6.78,0.15,6.77,0.14,6.69,0.06,7,0.21,80.3,80.3,12.4,994,994,6.48,3,37.2,0.1,0.5,339,16.694339,38.858734
4922,ITBG080,ITCS068,LL,AMR,1,Active,t,3,15,90,110,70,90,330,10,6.9,6.63,6.78,0.15,6.77,0.14,6.69,0.06,7,0.21,80.3,80.3,12.4,994,994,6.48,3,37.2,0.1,0.5,339,16.648589,38.864628
4923,ITBG080,ITCS068,LL,AMR,1,Active,t,3,15,90,110,70,90,330,10,6.9,6.63,6.78,0.15,6.77,0.14,6.69,0.06,7,0.21,80.3,80.3,12.4,994,994,6.48,3,37.2,0.1,0.5,339,16.60284,38.870523
4924,ITBG080,ITCS068,LL,AMR,1,Active,t,3,15,90,110,70,90,330,10,6.9,6.63,6.78,0.15,6.77,0.14,6.69,0.06,7,0.21,80.3,80.3,12.4,994,994,6.48,3,37.2,0.1,0.5,339,16.55709,38.876418
4925,ITBG080,ITCS068,LL,AMR,1,Active,t,3,15,90,110,70,90,330,10,6.9,6.63,6.78,0.15,6.77,0.14,6.69,0.06,7,0.21,80.3,80.3,12.4,994,994,6.48,3,37.2,0.1,0.5,339,16.511341,38.882313
4926,ITBG080,ITCS068,LL,AMR,1,Active,t,3,15,90,110,70,90,330,10,6.9,6.63,6.78,0.15,6.77,0.14,6.69,0.06,7,0.21,80.3,80.3,12.4,994,994,6.48,3,37.2,0.1,0.5,339,16.465591,38.888207
4927,ITBG080,ITCS068,LL,AMR,1,Active,t,3,15,90,110,70,90,330,10,6.9,6.63,6.78,0.15,6.77,0.14,6.69,0.06,7,0.21,80.3,80.3,12.4,994,994,6.48,3,37.2,0.1,0.5,339,16.419842,38.894102
4928,ITBG080,ITCS068,LL,AMR,1,Active,t,3,15,90,110,70,90,330,10,6.9,6.63,6.78,0.15,6.77,0.14,6.69,0.06,7,0.21,80.3,80.3,12.4,994,994,6.48,3,37.2,0.1,0.5,339,16.374092,38.899997
4929,ITBG080,ITCS068,LL,AMR,1,Active,t,3,15,90,110,70,90,330,10,6.9,6.63,6.78,0.15,6.77,0.14,6.69,0.06,7,0.21,80.3,80.3,12.4,994,994,6.48,3,37.2,0.1,0.5,339,16.282593,38.911786
4930,ITBG080,ITCS068,LL,AMR,1,Active,t,3,15,90,110,70,90,330,10,6.9,6.63,6.78,0.15,6.77,0.14,6.69,0.06,7,0.21,80.3,80.3,12.4,994,994,6.48,3,37.2,0.1,0.5,339,16.191094,38.923576
4931,ITBG080,ITCS068,LL,AMR,1,Active,t,3,15,90,110,70,90,330,10,6.9,6.63,6.78,0.15,6.77,0.14,6.69,0.06,7,0.21,80.3,80.3,12.4,994,994,6.48,3,37.2,0.1,0.5,339,16.099595,38.935365
4932,ITBG080,ITCS068,LL,AMR,1,Active,t,3,15,90,110,70,90,330,10,6.9,6.63,6.78,0.15,6.77,0.14,6.69,0.06,7,0.21,80.3,80.3,12.4,994,994,6.48,3,37.2,0.1,0.5,339,16.008096,38.947155
4933,ITBG080,ITCS068,LL,AMR,1,Active,t,3,15,90,110,70,90,330,10,6.9,6.63,6.78,0.15,6.77,0.14,6.69,0.06,7,0.21,80.3,80.3,12.4,994,994,6.48,3,37.2,0.1,0.5,339,15.916597,38.958944
5044,ITBG080,ITCS080,LL,AMR,1,Active,t,3,12,110,130,60,80,300,330,6,6.37,6.64,0.27,6.55,0.16,6.5,0.09,7,-0.5,46.5,46.5,9.8,454.4,454.3,4.76,3,29.4,0.1,0.5,348,16.401309,38.335833
5045,ITBG080,ITCS080,LL,AMR,1,Active,t,3,12,110,130,60,80,300,330,6,6.37,6.64,0.27,6.55,0.16,6.5,0.09,7,-0.5,46.5,46.5,9.8,454.4,454.3,4.76,3,29.4,0.1,0.5,348,16.360025,38.355096
5046,ITBG080,ITCS080,LL,AMR,1,Active,t,3,12,110,130,60,80,300,330,6,6.37,6.64,0.27,6.55,0.16,6.5,0.09,7,-0.5,46.5,46.5,9.8,454.4,454.3,4.76,3,29.4,0.1,0.5,348,16.318742,38.37436
5047,ITBG080,ITCS080,LL,AMR,1,Active,t,3,12,110,130,60,80,300,330,6,6.37,6.64,0.27,6.55,0.16,6.5,0.09,7,-0.5,46.5,46.5,9.8,454.4,454.3,4.76,3,29.4,0.1,0.5,348,16.277458,38.393623
5048,ITBG080,ITCS080,LL,AMR,1,Active,t,3,12,110,130,60,80,300,330,6,6.37,6.64,0.27,6.55,0.16,6.5,0.09,7,-0.5,46.5,46.5,9.8,454.4,454.3,4.76,3,29.4,0.1,0.5,348,16.236174,38.412886
5049,ITBG080,ITCS080,LL,AMR,1,Active,t,3,12,110,130,60,80,300,330,6,6.37,6.64,0.27,6.55,0.16,6.5,0.09,7,-0.5,46.5,46.5,9.8,454.4,454.3,4.76,3,29.4,0.1,0.5,348,16.18664,38.434975
5050,ITBG080,ITCS080,LL,AMR,1,Active,t,3,12,110,130,60,80,300,330,6,6.37,6.64,0.27,6.55,0.16,6.5,0.09,7,-0.5,46.5,46.5,9.8,454.4,454.3,4.76,3,29.4,0.1,0.5,348,16.137106,38.457064
5051,ITBG080,ITCS080,LL,AMR,1,Active,t,3,12,110,130,60,80,300,330,6,6.37,6.64,0.27,6.55,0.16,6.5,0.09,7,-0.5,46.5,46.5,9.8,454.4,454.3,4.76,3,29.4,0.1,0.5,348,16.087572,38.479154
5052,ITBG080,ITCS080,LL,AMR,1,Active,t,3,12,110,130,60,80,300,330,6,6.37,6.64,0.27,6.55,0.16,6.5,0.09,7,-0.5,46.5,46.5,9.8,454.4,454.3,4.76,3,29.4,0.1,0.5,348,16.038037,38.501243
5053,ITBG080,ITCS080,LL,AMR,1,Active,t,3,12,110,130,60,80,300,330,6,6.37,6.64,0.27,6.55,0.16,6.5,0.09,7,-0.5,46.5,46.5,9.8,454.4,454.3,4.76,3,29.4,0.1,0.5,348,15.988503,38.523332
5054,ITBG080,ITCS080,LL,AMR,1,Active,t,3,12,110,130,60,80,300,330,6,6.37,6.64,0.27,6.55,0.16,6.5,0.09,7,-0.5,46.5,46.5,9.8,454.4,454.3,4.76,3,29.4,0.1,0.5,348,15.938969,38.545421
5062,ITBG080,ITCS082,NN,AMR,1,Active,t,3,11,20,40,20,40,260,280,6.6,6.5,6.68,0.18,6.68,0.13,6.6,0.06,6,0,25.3,25.3,17.9,453.3,453.3,1.41,1.41,25.3,0.1,1,350,16.014981,38.473148
5063,ITBG080,ITCS082,NN,AMR,1,Active,t,3,11,20,40,20,40,260,280,6.6,6.5,6.68,0.18,6.68,0.13,6.6,0.06,6,0,25.3,25.3,17.9,453.3,453.3,1.41,1.41,25.3,0.1,1,350,16.000263,38.452655
5064,ITBG080,ITCS082,NN,AMR,1,Active,t,3,11,20,40,20,40,260,280,6.6,6.5,6.68,0.18,6.68,0.13,6.6,0.06,6,0,25.3,25.3,17.9,453.3,453.3,1.41,1.41,25.3,0.1,1,350,15.985544,38.432161
5065,ITBG080,ITCS082,NN,AMR,1,Active,t,3,11,20,40,20,40,260,280,6.6,6.5,6.68,0.18,6.68,0.13,6.6,0.06,6,0,25.3,25.3,17.9,453.3,453.3,1.41,1.41,25.3,0.1,1,350,15.970827,38.411667
5066,ITBG080,ITCS082,NN,AMR,1,Active,t,3,11,20,40,20,40,260,280,6.6,6.5,6.68,0.18,6.68,0.13,6.6,0.06,6,0,25.3,25.3,17.9,453.3,453.3,1.41,1.41,25.3,0.1,1,350,15.956108,38.391174
5067,ITBG080,ITCS082,NN,AMR,1,Active,t,3,11,20,40,20,40,260,280,6.6,6.5,6.68,0.18,6.68,0.13,6.6,0.06,6,0,25.3,25.3,17.9,453.3,453.3,1.41,1.41,25.3,0.1,1,350,15.94139,38.370681
5068,ITBG080,ITCS082,NN,AMR,1,Active,t,3,11,20,40,20,40,260,280,6.6,6.5,6.68,0.18,6.68,0.13,6.6,0.06,6,0,25.3,25.3,17.9,453.3,453.3,1.41,1.41,25.3,0.1,1,350,15.926671,38.350187
5069,ITBG080,ITCS082,NN,AMR,1,Active,t,3,11,20,40,20,40,260,280,6.6,6.5,6.68,0.18,6.68,0.13,6.6,0.06,6,0,25.3,25.3,17.9,453.3,453.3,1.41,1.41,25.3,0.1,1,350,15.911954,38.329694
5070,ITBG080,ITCS082,NN,AMR,1,Active,t,3,11,20,40,20,40,260,280,6.6,6.5,6.68,0.18,6.68,0.13,6.6,0.06,6,0,25.3,25.3,17.9,453.3,453.3,1.41,1.41,25.3,0.1,1,350,15.897235,38.3092
5071,ITBG080,ITCS082,NN,AMR,1,Active,t,3,11,20,40,20,40,260,280,6.6,6.5,6.68,0.18,6.68,0.13,6.6,0.06,6,0,25.3,25.3,17.9,453.3,453.3,1.41,1.41,25.3,0.1,1,350,15.871745,38.275269
5110,TNBG084,ITCS090,RR,AMR,1,Active,t,3,12,200,270,30,60,80,100,6.5,6.62,6.95,0.33,6.86,0.19,6.83,0.11,6,-0.33,112.2,110.7,14.2,1592.9,1571,7.9,3,42.6,0.1,0.5,354,11.131862,37.056416
5111,TNBG084,ITCS090,RR,AMR,1,Active,t,3,12,200,270,30,60,80,100,6.5,6.62,6.95,0.33,6.86,0.19,6.83,0.11,6,-0.33,112.2,110.7,14.2,1592.9,1571,7.9,3,42.6,0.1,0.5,354,11.209154,37.09517
5112,TNBG084,ITCS090,RR,AMR,1,Active,t,3,12,200,270,30,60,80,100,6.5,6.62,6.95,0.33,6.86,0.19,6.83,0.11,6,-0.33,112.2,110.7,14.2,1592.9,1571,7.9,3,42.6,0.1,0.5,354,11.286445,37.133923
5113,TNBG084,ITCS090,RR,AMR,1,Active,t,3,12,200,270,30,60,80,100,6.5,6.62,6.95,0.33,6.86,0.19,6.83,0.11,6,-0.33,112.2,110.7,14.2,1592.9,1571,7.9,3,42.6,0.1,0.5,354,11.384927,37.173352
5114,TNBG084,ITCS090,RR,AMR,1,Active,t,3,12,200,270,30,60,80,100,6.5,6.62,6.95,0.33,6.86,0.19,6.83,0.11,6,-0.33,112.2,110.7,14.2,1592.9,1571,7.9,3,42.6,0.1,0.5,354,11.483409,37.212781
5115,TNBG084,ITCS090,RR,AMR,1,Active,t,3,12,200,270,30,60,80,100,6.5,6.62,6.95,0.33,6.86,0.19,6.83,0.11,6,-0.33,112.2,110.7,14.2,1592.9,1571,7.9,3,42.6,0.1,0.5,354,11.576974,37.267765
5116,TNBG084,ITCS090,RR,AMR,1,Active,t,3,12,200,270,30,60,80,100,6.5,6.62,6.95,0.33,6.86,0.19,6.83,0.11,6,-0.33,112.2,110.7,14.2,1592.9,1571,7.9,3,42.6,0.1,0.5,354,11.670538,37.322749
5117,TNBG084,ITCS090,RR,AMR,1,Active,t,3,12,200,270,30,60,80,100,6.5,6.62,6.95,0.33,6.86,0.19,6.83,0.11,6,-0.33,112.2,110.7,14.2,1592.9,1571,7.9,3,42.6,0.1,0.5,354,11.774939,37.360673
5118,TNBG084,ITCS090,RR,AMR,1,Active,t,3,12,200,270,30,60,80,100,6.5,6.62,6.95,0.33,6.86,0.19,6.83,0.11,6,-0.33,112.2,110.7,14.2,1592.9,1571,7.9,3,42.6,0.1,0.5,354,11.87934,37.398596
5119,TNBG084,ITCS090,RR,AMR,1,Active,t,3,12,200,270,30,60,80,100,6.5,6.62,6.95,0.33,6.86,0.19,6.83,0.11,6,-0.33,112.2,110.7,14.2,1592.9,1571,7.9,3,42.6,0.1,0.5,354,11.948996,37.43752
5120,TNBG084,ITCS090,RR,AMR,1,Active,t,3,12,200,270,30,60,80,100,6.5,6.62,6.95,0.33,6.86,0.19,6.83,0.11,6,-0.33,112.2,110.7,14.2,1592.9,1571,7.9,3,42.6,0.1,0.5,354,12.018652,37.476443
5121,TNBG084,ITCS090,RR,AMR,1,Active,t,3,12,200,270,30,60,80,100,6.5,6.62,6.95,0.33,6.86,0.19,6.83,0.11,6,-0.33,112.2,110.7,14.2,1592.9,1571,7.9,3,42.6,0.1,0.5,354,12.089838,37.549703
5122,TNBG084,ITCS090,RR,AMR,1,Active,t,3,12,200,270,30,60,80,100,6.5,6.62,6.95,0.33,6.86,0.19,6.83,0.11,6,-0.33,112.2,110.7,14.2,1592.9,1571,7.9,3,42.6,0.1,0.5,354,12.161024,37.622962
5173,ITBG082,ITCS222,RR,AMR,1,Active,t,3,16,200,280,40,60,80,120,6.5,6.8,7.11,0.31,7.03,0.18,6.99,0.1,6,-0.49,139.9,138.8,17.6,2464.4,2445.3,7.94,3,52.8,0.1,0.5,358,12.84679,38.241293
5174,ITBG082,ITCS222,RR,AMR,1,Active,t,3,16,200,280,40,60,80,120,6.5,6.8,7.11,0.31,7.03,0.18,6.99,0.1,6,-0.49,139.9,138.8,17.6,2464.4,2445.3,7.94,3,52.8,0.1,0.5,358,12.970377,38.246483
5175,ITBG082,ITCS222,RR,AMR,1,Active,t,3,16,200,280,40,60,80,120,6.5,6.8,7.11,0.31,7.03,0.18,6.99,0.1,6,-0.49,139.9,138.8,17.6,2464.4,2445.3,7.94,3,52.8,0.1,0.5,358,13.093964,38.251672
5176,ITBG082,ITCS222,RR,AMR,1,Active,t,3,16,200,280,40,60,80,120,6.5,6.8,7.11,0.31,7.03,0.18,6.99,0.1,6,-0.49,139.9,138.8,17.6,2464.4,2445.3,7.94,3,52.8,0.1,0.5,358,13.21046,38.268096
5177,ITBG082,ITCS222,RR,AMR,1,Active,t,3,16,200,280,40,60,80,120,6.5,6.8,7.11,0.31,7.03,0.18,6.99,0.1,6,-0.49,139.9,138.8,17.6,2464.4,2445.3,7.94,3,52.8,0.1,0.5,358,13.326956,38.284519
5178,ITBG082,ITCS222,RR,AMR,1,Active,t,3,16,200,280,40,60,80,120,6.5,6.8,7.11,0.31,7.03,0.18,6.99,0.1,6,-0.49,139.9,138.8,17.6,2464.4,2445.3,7.94,3,52.8,0.1,0.5,358,13.450612,38.286291
5179,ITBG082,ITCS222,RR,AMR,1,Active,t,3,16,200,280,40,60,80,120,6.5,6.8,7.11,0.31,7.03,0.18,6.99,0.1,6,-0.49,139.9,138.8,17.6,2464.4,2445.3,7.94,3,52.8,0.1,0.5,358,13.574267,38.288063
5180,ITBG082,ITCS222,RR,AMR,1,Active,t,3,16,200,280,40,60,80,120,6.5,6.8,7.11,0.31,7.03,0.18,6.99,0.1,6,-0.49,139.9,138.8,17.6,2464.4,2445.3,7.94,3,52.8,0.1,0.5,358,13.658298,38.293706
5181,ITBG082,ITCS222,RR,AMR,1,Active,t,3,16,200,280,40,60,80,120,6.5,6.8,7.11,0.31,7.03,0.18,6.99,0.1,6,-0.49,139.9,138.8,17.6,2464.4,2445.3,7.94,3,52.8,0.1,0.5,358,13.742328,38.299348
5182,ITBG082,ITCS222,RR,AMR,1,Active,t,3,16,200,280,40,60,80,120,6.5,6.8,7.11,0.31,7.03,0.18,6.99,0.1,6,-0.49,139.9,138.8,17.6,2464.4,2445.3,7.94,3,52.8,0.1,0.5,358,13.893074,38.328034
5183,ITBG082,ITCS222,RR,AMR,1,Active,t,3,16,200,280,40,60,80,120,6.5,6.8,7.11,0.31,7.03,0.18,6.99,0.1,6,-0.49,139.9,138.8,17.6,2464.4,2445.3,7.94,3,52.8,0.1,0.5,358,14.032139,38.370038
5184,ITBG082,ITCS222,RR,AMR,1,Active,t,3,16,200,280,40,60,80,120,6.5,6.8,7.11,0.31,7.03,0.18,6.99,0.1,6,-0.49,139.9,138.8,17.6,2464.4,2445.3,7.94,3,52.8,0.1,0.5,358,14.139145,38.381968
5185,ITBG082,ITCS222,RR,AMR,1,Active,t,3,16,200,280,40,60,80,120,6.5,6.8,7.11,0.31,7.03,0.18,6.99,0.1,6,-0.49,139.9,138.8,17.6,2464.4,2445.3,7.94,3,52.8,0.1,0.5,358,14.24615,38.393898
5186,ITBG082,ITCS222,RR,AMR,1,Active,t,3,16,200,280,40,60,80,120,6.5,6.8,7.11,0.31,7.03,0.18,6.99,0.1,6,-0.49,139.9,138.8,17.6,2464.4,2445.3,7.94,3,52.8,0.1,0.5,358,14.337008,38.386615
5187,ITBG082,ITCS222,RR,AMR,1,Active,t,3,16,200,280,40,60,80,120,6.5,6.8,7.11,0.31,7.03,0.18,6.99,0.1,6,-0.49,139.9,138.8,17.6,2464.4,2445.3,7.94,3,52.8,0.1,0.5,358,14.427865,38.379331
5744,ZZBG092,MTCS001,RL,AMR,1,Active,t,3,15,120,140,50,75,190,240,6,6.75,6.87,0.12,6.88,0.14,6.79,0.04,7,-0.79,174.5,173.1,14,2450.6,2431.2,12.42,3,42,0.2,0.5,402,14.840599,35.450581
5745,ZZBG092,MTCS001,RL,AMR,1,Active,t,3,15,120,140,50,75,190,240,6,6.75,6.87,0.12,6.88,0.14,6.79,0.04,7,-0.79,174.5,173.1,14,2450.6,2431.2,12.42,3,42,0.2,0.5,402,14.731379,35.505188
5746,ZZBG092,MTCS001,RL,AMR,1,Active,t,3,15,120,140,50,75,190,240,6,6.75,6.87,0.12,6.88,0.14,6.79,0.04,7,-0.79,174.5,173.1,14,2450.6,2431.2,12.42,3,42,0.2,0.5,402,14.622158,35.559796
5747,ZZBG092,MTCS001,RL,AMR,1,Active,t,3,15,120,140,50,75,190,240,6,6.75,6.87,0.12,6.88,0.14,6.79,0.04,7,-0.79,174.5,173.1,14,2450.6,2431.2,12.42,3,42,0.2,0.5,402,14.512938,35.614403
5748,ZZBG092,MTCS001,RL,AMR,1,Active,t,3,15,120,140,50,75,190,240,6,6.75,6.87,0.12,6.88,0.14,6.79,0.04,7,-0.79,174.5,173.1,14,2450.6,2431.2,12.42,3,42,0.2,0.5,402,14.407663,35.682251
5749,ZZBG092,MTCS001,RL,AMR,1,Active,t,3,15,120,140,50,75,190,240,6,6.75,6.87,0.12,6.88,0.14,6.79,0.04,7,-0.79,174.5,173.1,14,2450.6,2431.2,12.42,3,42,0.2,0.5,402,14.302389,35.750099
5750,ZZBG092,MTCS001,RL,AMR,1,Active,t,3,15,120,140,50,75,190,240,6,6.75,6.87,0.12,6.88,0.14,6.79,0.04,7,-0.79,174.5,173.1,14,2450.6,2431.2,12.42,3,42,0.2,0.5,402,14.197114,35.817947
5751,ZZBG092,MTCS001,RL,AMR,1,Active,t,3,15,120,140,50,75,190,240,6,6.75,6.87,0.12,6.88,0.14,6.79,0.04,7,-0.79,174.5,173.1,14,2450.6,2431.2,12.42,3,42,0.2,0.5,402,14.079014,35.91621
5752,ZZBG092,MTCS001,RL,AMR,1,Active,t,3,15,120,140,50,75,190,240,6,6.75,6.87,0.12,6.88,0.14,6.79,0.04,7,-0.79,174.5,173.1,14,2450.6,2431.2,12.42,3,42,0.2,0.5,402,13.960914,36.014473
5753,ZZBG092,MTCS001,RL,AMR,1,Active,t,3,15,120,140,50,75,190,240,6,6.75,6.87,0.12,6.88,0.14,6.79,0.04,7,-0.79,174.5,173.1,14,2450.6,2431.2,12.42,3,42,0.2,0.5,402,13.842814,36.112736
5754,ZZBG092,MTCS001,RL,AMR,1,Active,t,3,15,120,140,50,75,190,240,6,6.75,6.87,0.12,6.88,0.14,6.79,0.04,7,-0.79,174.5,173.1,14,2450.6,2431.2,12.42,3,42,0.2,0.5,402,13.767229,36.173353
5755,ZZBG092,MTCS001,RL,AMR,1,Active,t,3,15,120,140,50,75,190,240,6,6.75,6.87,0.12,6.88,0.14,6.79,0.04,7,-0.79,174.5,173.1,14,2450.6,2431.2,12.42,3,42,0.2,0.5,402,13.691643,36.23397
5756,ZZBG092,MTCS001,RL,AMR,1,Active,t,3,15,120,140,50,75,190,240,6,6.75,6.87,0.12,6.88,0.14,6.79,0.04,7,-0.79,174.5,173.1,14,2450.6,2431.2,12.42,3,42,0.2,0.5,402,13.592099,36.345918
5757,ZZBG092,MTCS001,RL,AMR,1,Active,t,3,15,120,140,50,75,190,240,6,6.75,6.87,0.12,6.88,0.14,6.79,0.04,7,-0.79,174.5,173.1,14,2450.6,2431.2,12.42,3,42,0.2,0.5,402,13.505539,36.426382
5758,ZZBG092,MTCS001,RL,AMR,1,Active,t,3,15,120,140,50,75,190,240,6,6.75,6.87,0.12,6.88,0.14,6.79,0.04,7,-0.79,174.5,173.1,14,2450.6,2431.2,12.42,3,42,0.2,0.5,402,13.423315,36.503346
6190,ZZBG092,TNCS006,RL,AMR,1,Active,t,4,13,110,130,50,70,190,240,6,6.47,6.69,0.22,6.63,0.15,6.57,0.07,7,-0.57,193,191.7,10.7,2057.5,2044,18.1,3,32.1,0.2,0.5,431,11.891021,36.260947
6191,ZZBG092,TNCS006,RL,AMR,1,Active,t,4,13,110,130,50,70,190,240,6,6.47,6.69,0.22,6.63,0.15,6.57,0.07,7,-0.57,193,191.7,10.7,2057.5,2044,18.1,3,32.1,0.2,0.5,431,12.004757,36.216134
6192,ZZBG092,TNCS006,RL,AMR,1,Active,t,4,13,110,130,50,70,190,240,6,6.47,6.69,0.22,6.63,0.15,6.57,0.07,7,-0.57,193,191.7,10.7,2057.5,2044,18.1,3,32.1,0.2,0.5,431,12.118493,36.171321
6193,ZZBG092,TNCS006,RL,AMR,1,Active,t,4,13,110,130,50,70,190,240,6,6.47,6.69,0.22,6.63,0.15,6.57,0.07,7,-0.57,193,191.7,10.7,2057.5,2044,18.1,3,32.1,0.2,0.5,431,12.321365,36.131487
6194,ZZBG092,TNCS006,RL,AMR,1,Active,t,4,13,110,130,50,70,190,240,6,6.47,6.69,0.22,6.63,0.15,6.57,0.07,7,-0.57,193,191.7,10.7,2057.5,2044,18.1,3,32.1,0.2,0.5,431,12.468917,36.101611
6195,ZZBG092,TNCS006,RL,AMR,1,Active,t,4,13,110,130,50,70,190,240,6,6.47,6.69,0.22,6.63,0.15,6.57,0.07,7,-0.57,193,191.7,10.7,2057.5,2044,18.1,3,32.1,0.2,0.5,431,12.590378,36.076038
6196,ZZBG092,TNCS006,RL,AMR,1,Active,t,4,13,110,130,50,70,190,240,6,6.47,6.69,0.22,6.63,0.15,6.57,0.07,7,-0.57,193,191.7,10.7,2057.5,2044,18.1,3,32.1,0.2,0.5,431,12.726376,36.039033
6197,ZZBG092,TNCS006,RL,AMR,1,Active,t,4,13,110,130,50,70,190,240,6,6.47,6.69,0.22,6.63,0.15,6.57,0.07,7,-0.57,193,191.7,10.7,2057.5,2044,18.1,3,32.1,0.2,0.5,431,12.862373,36.002027
6198,ZZBG092,TNCS006,RL,AMR,1,Active,t,4,13,110,130,50,70,190,240,6,6.47,6.69,0.22,6.63,0.15,6.57,0.07,7,-0.57,193,191.7,10.7,2057.5,2044,18.1,3,32.1,0.2,0.5,431,13.046813,35.922361
6199,ZZBG092,TNCS006,RL,AMR,1,Active,t,4,13,110,130,50,70,190,240,6,6.47,6.69,0.22,6.63,0.15,6.57,0.07,7,-0.57,193,191.7,10.7,2057.5,2044,18.1,3,32.1,0.2,0.5,431,13.135953,35.870079
6200,ZZBG092,TNCS006,RL,AMR,1,Active,t,4,13,110,130,50,70,190,240,6,6.47,6.69,0.22,6.63,0.15,6.57,0.07,7,-0.57,193,191.7,10.7,2057.5,2044,18.1,3,32.1,0.2,0.5,431,13.225093,35.817797
6201,ZZBG092,TNCS006,RL,AMR,1,Active,t,4,13,110,130,50,70,190,240,6,6.47,6.69,0.22,6.63,0.15,6.57,0.07,7,-0.57,193,191.7,10.7,2057.5,2044,18.1,3,32.1,0.2,0.5,431,13.403381,35.738129
6202,ZZBG092,TNCS006,RL,AMR,1,Active,t,4,13,110,130,50,70,190,240,6,6.47,6.69,0.22,6.63,0.15,6.57,0.07,7,-0.57,193,191.7,10.7,2057.5,2044,18.1,3,32.1,0.2,0.5,431,13.504821,35.700785
6203,ZZBG092,TNCS006,RL,AMR,1,Active,t,4,13,110,130,50,70,190,240,6,6.47,6.69,0.22,6.63,0.15,6.57,0.07,7,-0.57,193,191.7,10.7,2057.5,2044,18.1,3,32.1,0.2,0.5,431,13.606261,35.663441
6204,ZZBG092,TNCS006,RL,AMR,1,Active,t,4,13,110,130,50,70,190,240,6,6.47,6.69,0.22,6.63,0.15,6.57,0.07,7,-0.57,193,191.7,10.7,2057.5,2044,18.1,3,32.1,0.2,0.5,431,13.726145,35.621118
6205,ZZBG092,TNCS006,RL,AMR,1,Active,t,4,13,110,130,50,70,190,240,6,6.47,6.69,0.22,6.63,0.15,6.57,0.07,7,-0.57,193,191.7,10.7,2057.5,2044,18.1,3,32.1,0.2,0.5,431,13.846029,35.578795
6206,ZZBG092,TNCS008,RL,AMR,1,Active,t,3,13,275,300,60,80,190,230,6,6.49,6.7,0.21,6.65,0.15,6.59,0.07,7,-0.59,216.3,214.9,10.9,2347.4,2331.6,19.94,3,32.7,0.3,0.8,432,14.485405,35.075895
6207,ZZBG092,TNCS008,RL,AMR,1,Active,t,3,13,275,300,60,80,190,230,6,6.49,6.7,0.21,6.65,0.15,6.59,0.07,7,-0.59,216.3,214.9,10.9,2347.4,2331.6,19.94,3,32.7,0.3,0.8,432,14.343997,35.100791
6208,ZZBG092,TNCS008,RL,AMR,1,Active,t,3,13,275,300,60,80,190,230,6,6.49,6.7,0.21,6.65,0.15,6.59,0.07,7,-0.59,216.3,214.9,10.9,2347.4,2331.6,19.94,3,32.7,0.3,0.8,432,14.208749,35.105771
6209,ZZBG092,TNCS008,RL,AMR,1,Active,t,3,13,275,300,60,80,190,230,6,6.49,6.7,0.21,6.65,0.15,6.59,0.07,7,-0.59,216.3,214.9,10.9,2347.4,2331.6,19.94,3,32.7,0.3,0.8,432,14.012021,35.130667
6210,ZZBG092,TNCS008,RL,AMR,1,Active,t,3,13,275,300,60,80,190,230,6,6.49,6.7,0.21,6.65,0.15,6.59,0.07,7,-0.59,216.3,214.9,10.9,2347.4,2331.6,19.94,3,32.7,0.3,0.8,432,13.864469,35.155563
6211,ZZBG092,TNCS008,RL,AMR,1,Active,t,3,13,275,300,60,80,190,230,6,6.49,6.7,0.21,6.65,0.15,6.59,0.07,7,-0.59,216.3,214.9,10.9,2347.4,2331.6,19.94,3,32.7,0.3,0.8,432,13.698477,35.200375
6212,ZZBG092,TNCS008,RL,AMR,1,Active,t,3,13,275,300,60,80,190,230,6,6.49,6.7,0.21,6.65,0.15,6.59,0.07,7,-0.59,216.3,214.9,10.9,2347.4,2331.6,19.94,3,32.7,0.3,0.8,432,13.544781,35.245188
6213,ZZBG092,TNCS008,RL,AMR,1,Active,t,3,13,275,300,60,80,190,230,6,6.49,6.7,0.21,6.65,0.15,6.59,0.07,7,-0.59,216.3,214.9,10.9,2347.4,2331.6,19.94,3,32.7,0.3,0.8,432,13.421829,35.294981
6214,ZZBG092,TNCS008,RL,AMR,1,Active,t,3,13,275,300,60,80,190,230,6,6.49,6.7,0.21,6.65,0.15,6.59,0.07,7,-0.59,216.3,214.9,10.9,2347.4,2331.6,19.94,3,32.7,0.3,0.8,432,13.314241,35.327346
6215,ZZBG092,TNCS008,RL,AMR,1,Active,t,3,13,275,300,60,80,190,230,6,6.49,6.7,0.21,6.65,0.15,6.59,0.07,7,-0.59,216.3,214.9,10.9,2347.4,2331.6,19.94,3,32.7,0.3,0.8,432,13.206653,35.359711
6216,ZZBG092,TNCS008,RL,AMR,1,Active,t,3,13,275,300,60,80,190,230,6,6.49,6.7,0.21,6.65,0.15,6.59,0.07,7,-0.59,216.3,214.9,10.9,2347.4,2331.6,19.94,3,32.7,0.3,0.8,432,13.099065,35.392075
6217,ZZBG092,TNCS008,RL,AMR,1,Active,t,3,13,275,300,60,80,190,230,6,6.49,6.7,0.21,6.65,0.15,6.59,0.07,7,-0.59,216.3,214.9,10.9,2347.4,2331.6,19.94,3,32.7,0.3,0.8,432,12.991477,35.424439
6218,ZZBG092,TNCS008,RL,AMR,1,Active,t,3,13,275,300,60,80,190,230,6,6.49,6.7,0.21,6.65,0.15,6.59,0.07,7,-0.59,216.3,214.9,10.9,2347.4,2331.6,19.94,3,32.7,0.3,0.8,432,12.880821,35.469253
6219,ZZBG092,TNCS008,RL,AMR,1,Active,t,3,13,275,300,60,80,190,230,6,6.49,6.7,0.21,6.65,0.15,6.59,0.07,7,-0.59,216.3,214.9,10.9,2347.4,2331.6,19.94,3,32.7,0.3,0.8,432,12.733269,35.519045
6220,ZZBG092,TNCS008,RL,AMR,1,Active,t,3,13,275,300,60,80,190,230,6,6.49,6.7,0.21,6.65,0.15,6.59,0.07,7,-0.59,216.3,214.9,10.9,2347.4,2331.6,19.94,3,32.7,0.3,0.8,432,12.579573,35.573815
6221,ZZBG092,TNCS008,RL,AMR,1,Active,t,3,13,275,300,60,80,190,230,6,6.49,6.7,0.21,6.65,0.15,6.59,0.07,7,-0.59,216.3,214.9,10.9,2347.4,2331.6,19.94,3,32.7,0.3,0.8,432,12.413581,35.618629
6222,ZZBG092,TNCS008,RL,AMR,1,Active,t,3,13,275,300,60,80,190,230,6,6.49,6.7,0.21,6.65,0.15,6.59,0.07,7,-0.59,216.3,214.9,10.9,2347.4,2331.6,19.94,3,32.7,0.3,0.8,432,12.235301,35.683359
